platform_id,platform,country,age_group,gender,followers
1,Facebook,United States,18-24,Male,1656
1,Facebook,United States,18-24,Female,1766
1,Facebook,United States,18-24,Other,894
1,Facebook,United States,25-34,Male,1555
1,Facebook,United States,25-34,Female,395
1,Facebook,United States,25-34,Other,2473
1,Facebook,United States,35-44,Male,2542
1,Facebook,United States,35-44,Female,3290
1,Facebook,United States,35-44,Other,874
1,Facebook,United States,45-54,Male,1036
1,Facebook,United States,45-54,Female,2904
1,Facebook,United States,45-54,Other,2430
1,Facebook,United States,55+,Male,835
1,Facebook,United States,55+,Female,1658
1,Facebook,United States,55+,Other,2119
1,Facebook,India,18-24,Male,263
1,Facebook,India,18-24,Female,898
1,Facebook,India,18-24,Other,2307
1,Facebook,India,25-34,Male,1969
1,Facebook,India,25-34,Female,690
1,Facebook,India,25-34,Other,233
1,Facebook,India,35-44,Male,1580
1,Facebook,India,35-44,Female,4666
1,Facebook,India,35-44,Other,3220
1,Facebook,India,45-54,Male,3142
1,Facebook,India,45-54,Female,1276
1,Facebook,India,45-54,Other,2454
1,Facebook,India,55+,Male,1176
1,Facebook,India,55+,Female,2365
1,Facebook,India,55+,Other,827
1,Facebook,United Kingdom,18-24,Male,1520
1,Facebook,United Kingdom,18-24,Female,1566
1,Facebook,United Kingdom,18-24,Other,777
1,Facebook,United Kingdom,25-34,Male,245
1,Facebook,United Kingdom,25-34,Female,1208
1,Facebook,United Kingdom,25-34,Other,960
1,Facebook,United Kingdom,35-44,Male,4836
1,Facebook,United Kingdom,35-44,Female,3752
1,Facebook,United Kingdom,35-44,Other,3162
1,Facebook,United Kingdom,45-54,Male,1364
1,Facebook,United Kingdom,45-54,Female,4796
1,Facebook,United Kingdom,45-54,Other,1400
1,Facebook,United Kingdom,55+,Male,2367
1,Facebook,United Kingdom,55+,Female,344
1,Facebook,United Kingdom,55+,Other,1629
1,Facebook,Canada,18-24,Male,960
1,Facebook,Canada,18-24,Female,2371
1,Facebook,Canada,18-24,Other,1040
1,Facebook,Canada,25-34,Male,374
1,Facebook,Canada,25-34,Female,1587
1,Facebook,Canada,25-34,Other,997
1,Facebook,Canada,35-44,Male,522
1,Facebook,Canada,35-44,Female,3946
1,Facebook,Canada,35-44,Other,4404
1,Facebook,Canada,45-54,Male,2196
1,Facebook,Canada,45-54,Female,522
1,Facebook,Canada,45-54,Other,4834
1,Facebook,Canada,55+,Male,1121
1,Facebook,Canada,55+,Female,417
1,Facebook,Canada,55+,Other,1129
1,Facebook,Germany,18-24,Male,2359
1,Facebook,Germany,18-24,Female,1385
1,Facebook,Germany,18-24,Other,276
1,Facebook,Germany,25-34,Male,628
1,Facebook,Germany,25-34,Female,1964
1,Facebook,Germany,25-34,Other,2144
1,Facebook,Germany,35-44,Male,4200
1,Facebook,Germany,35-44,Female,3690
1,Facebook,Germany,35-44,Other,1564
1,Facebook,Germany,45-54,Male,932
1,Facebook,Germany,45-54,Female,1406
1,Facebook,Germany,45-54,Other,542
1,Facebook,Germany,55+,Male,1545
1,Facebook,Germany,55+,Female,252
1,Facebook,Germany,55+,Other,2205
1,Facebook,Australia,18-24,Male,615
1,Facebook,Australia,18-24,Female,2076
1,Facebook,Australia,18-24,Other,343
1,Facebook,Australia,25-34,Male,1649
1,Facebook,Australia,25-34,Female,2186
1,Facebook,Australia,25-34,Other,1401
1,Facebook,Australia,35-44,Male,2910
1,Facebook,Australia,35-44,Female,3252
1,Facebook,Australia,35-44,Other,2672
1,Facebook,Australia,45-54,Male,600
1,Facebook,Australia,45-54,Female,3974
1,Facebook,Australia,45-54,Other,1352
1,Facebook,Australia,55+,Male,1467
1,Facebook,Australia,55+,Female,1212
1,Facebook,Australia,55+,Other,2288
1,Facebook,Brazil,18-24,Male,2062
1,Facebook,Brazil,18-24,Female,1977
1,Facebook,Brazil,18-24,Other,2128
1,Facebook,Brazil,25-34,Male,1048
1,Facebook,Brazil,25-34,Female,2462
1,Facebook,Brazil,25-34,Other,1450
1,Facebook,Brazil,35-44,Male,2412
1,Facebook,Brazil,35-44,Female,1352
1,Facebook,Brazil,35-44,Other,3000
1,Facebook,Brazil,45-54,Male,3452
1,Facebook,Brazil,45-54,Female,3784
1,Facebook,Brazil,45-54,Other,4456
1,Facebook,Brazil,55+,Male,1939
1,Facebook,Brazil,55+,Female,1488
1,Facebook,Brazil,55+,Other,2091
2,Instagram,United States,18-24,Male,2172
2,Instagram,United States,18-24,Female,4360
2,Instagram,United States,18-24,Other,2342
2,Instagram,United States,25-34,Male,4687
2,Instagram,United States,25-34,Female,2820
2,Instagram,United States,25-34,Other,2180
2,Instagram,United States,35-44,Male,2149
2,Instagram,United States,35-44,Female,1094
2,Instagram,United States,35-44,Other,885
2,Instagram,United States,45-54,Male,1283
2,Instagram,United States,45-54,Female,1135
2,Instagram,United States,45-54,Other,2203
2,Instagram,United States,55+,Male,375
2,Instagram,United States,55+,Female,980
2,Instagram,United States,55+,Other,522
2,Instagram,India,18-24,Male,912
2,Instagram,India,18-24,Female,3842
2,Instagram,India,18-24,Other,4687
2,Instagram,India,25-34,Male,4650
2,Instagram,India,25-34,Female,3787
2,Instagram,India,25-34,Other,1617
2,Instagram,India,35-44,Male,1287
2,Instagram,India,35-44,Female,457
2,Instagram,India,35-44,Other,1156
2,Instagram,India,45-54,Male,1462
2,Instagram,India,45-54,Female,983
2,Instagram,India,45-54,Other,286
2,Instagram,India,55+,Male,2036
2,Instagram,India,55+,Female,1826
2,Instagram,India,55+,Other,2323
2,Instagram,United Kingdom,18-24,Male,2860
2,Instagram,United Kingdom,18-24,Female,2037
2,Instagram,United Kingdom,18-24,Other,5690
2,Instagram,United Kingdom,25-34,Male,5045
2,Instagram,United Kingdom,25-34,Female,4437
2,Instagram,United Kingdom,25-34,Other,6102
2,Instagram,United Kingdom,35-44,Male,551
2,Instagram,United Kingdom,35-44,Female,1967
2,Instagram,United Kingdom,35-44,Other,336
2,Instagram,United Kingdom,45-54,Male,1650
2,Instagram,United Kingdom,45-54,Female,555
2,Instagram,United Kingdom,45-54,Other,623
2,Instagram,United Kingdom,55+,Male,2128
2,Instagram,United Kingdom,55+,Female,230
2,Instagram,United Kingdom,55+,Other,855
2,Instagram,Canada,18-24,Male,3242
2,Instagram,Canada,18-24,Female,2405
2,Instagram,Canada,18-24,Other,2932
2,Instagram,Canada,25-34,Male,4880
2,Instagram,Canada,25-34,Female,2960
2,Instagram,Canada,25-34,Other,5020
2,Instagram,Canada,35-44,Male,1225
2,Instagram,Canada,35-44,Female,1080
2,Instagram,Canada,35-44,Other,2094
2,Instagram,Canada,45-54,Male,1221
2,Instagram,Canada,45-54,Female,2387
2,Instagram,Canada,45-54,Other,385
2,Instagram,Canada,55+,Male,475
2,Instagram,Canada,55+,Female,1092
2,Instagram,Canada,55+,Other,508
2,Instagram,Germany,18-24,Male,5880
2,Instagram,Germany,18-24,Female,3190
2,Instagram,Germany,18-24,Other,2472
2,Instagram,Germany,25-34,Male,3440
2,Instagram,Germany,25-34,Female,1267
2,Instagram,Germany,25-34,Other,2427
2,Instagram,Germany,35-44,Male,1610
2,Instagram,Germany,35-44,Female,2172
2,Instagram,Germany,35-44,Other,688
2,Instagram,Germany,45-54,Male,1991
2,Instagram,Germany,45-54,Female,2500
2,Instagram,Germany,45-54,Other,785
2,Instagram,Germany,55+,Male,1895
2,Instagram,Germany,55+,Female,709
2,Instagram,Germany,55+,Other,467
2,Instagram,Australia,18-24,Male,1612
2,Instagram,Australia,18-24,Female,3437
2,Instagram,Australia,18-24,Other,5222
2,Instagram,Australia,25-34,Male,4407
2,Instagram,Australia,25-34,Female,2245
2,Instagram,Australia,25-34,Other,757
2,Instagram,Australia,35-44,Male,2023
2,Instagram,Australia,35-44,Female,1039
2,Instagram,Australia,35-44,Other,1245
2,Instagram,Australia,45-54,Male,2089
2,Instagram,Australia,45-54,Female,2406
2,Instagram,Australia,45-54,Other,2172
2,Instagram,Australia,55+,Male,1137
2,Instagram,Australia,55+,Female,1608
2,Instagram,Australia,55+,Other,1478
2,Instagram,Brazil,18-24,Male,1737
2,Instagram,Brazil,18-24,Female,3372
2,Instagram,Brazil,18-24,Other,3812
2,Instagram,Brazil,25-34,Male,4072
2,Instagram,Brazil,25-34,Female,4775
2,Instagram,Brazil,25-34,Other,3625
2,Instagram,Brazil,35-44,Male,2051
2,Instagram,Brazil,35-44,Female,994
2,Instagram,Brazil,35-44,Other,463
2,Instagram,Brazil,45-54,Male,600
2,Instagram,Brazil,45-54,Female,1823
2,Instagram,Brazil,45-54,Other,2296
2,Instagram,Brazil,55+,Male,2386
2,Instagram,Brazil,55+,Female,1538
2,Instagram,Brazil,55+,Other,921
3,LinkedIn,United States,18-24,Male,1856
3,LinkedIn,United States,18-24,Female,1848
3,LinkedIn,United States,18-24,Other,1147
3,LinkedIn,United States,25-34,Male,5989
3,LinkedIn,United States,25-34,Female,775
3,LinkedIn,United States,25-34,Other,716
3,LinkedIn,United States,35-44,Male,6815
3,LinkedIn,United States,35-44,Female,6552
3,LinkedIn,United States,35-44,Other,3637
3,LinkedIn,United States,45-54,Male,1115
3,LinkedIn,United States,45-54,Female,2447
3,LinkedIn,United States,45-54,Other,996
3,LinkedIn,United States,55+,Male,385
3,LinkedIn,United States,55+,Female,710
3,LinkedIn,United States,55+,Other,1421
3,LinkedIn,India,18-24,Male,2440
3,LinkedIn,India,18-24,Female,1698
3,LinkedIn,India,18-24,Other,2141
3,LinkedIn,India,25-34,Male,6375
3,LinkedIn,India,25-34,Female,1752
3,LinkedIn,India,25-34,Other,5199
3,LinkedIn,India,35-44,Male,4841
3,LinkedIn,India,35-44,Female,5530
3,LinkedIn,India,35-44,Other,672
3,LinkedIn,India,45-54,Male,2326
3,LinkedIn,India,45-54,Female,2368
3,LinkedIn,India,45-54,Other,393
3,LinkedIn,India,55+,Male,1283
3,LinkedIn,India,55+,Female,480
3,LinkedIn,India,55+,Other,2281
3,LinkedIn,United Kingdom,18-24,Male,354
3,LinkedIn,United Kingdom,18-24,Female,731
3,LinkedIn,United Kingdom,18-24,Other,1352
3,LinkedIn,United Kingdom,25-34,Male,3819
3,LinkedIn,United Kingdom,25-34,Female,5171
3,LinkedIn,United Kingdom,25-34,Other,2676
3,LinkedIn,United Kingdom,35-44,Male,6932
3,LinkedIn,United Kingdom,35-44,Female,6602
3,LinkedIn,United Kingdom,35-44,Other,2514
3,LinkedIn,United Kingdom,45-54,Male,1970
3,LinkedIn,United Kingdom,45-54,Female,468
3,LinkedIn,United Kingdom,45-54,Other,2114
3,LinkedIn,United Kingdom,55+,Male,1040
3,LinkedIn,United Kingdom,55+,Female,1274
3,LinkedIn,United Kingdom,55+,Other,1746
3,LinkedIn,Canada,18-24,Male,339
3,LinkedIn,Canada,18-24,Female,2432
3,LinkedIn,Canada,18-24,Other,2073
3,LinkedIn,Canada,25-34,Male,3054
3,LinkedIn,Canada,25-34,Female,5535
3,LinkedIn,Canada,25-34,Other,2870
3,LinkedIn,Canada,35-44,Male,1456
3,LinkedIn,Canada,35-44,Female,3561
3,LinkedIn,Canada,35-44,Other,2797
3,LinkedIn,Canada,45-54,Male,583
3,LinkedIn,Canada,45-54,Female,2314
3,LinkedIn,Canada,45-54,Other,549
3,LinkedIn,Canada,55+,Male,978
3,LinkedIn,Canada,55+,Female,2049
3,LinkedIn,Canada,55+,Other,747
3,LinkedIn,Germany,18-24,Male,821
3,LinkedIn,Germany,18-24,Female,1025
3,LinkedIn,Germany,18-24,Other,2330
3,LinkedIn,Germany,25-34,Male,638
3,LinkedIn,Germany,25-34,Female,4062
3,LinkedIn,Germany,25-34,Other,4452
3,LinkedIn,Germany,35-44,Male,635
3,LinkedIn,Germany,35-44,Female,3186
3,LinkedIn,Germany,35-44,Other,596
3,LinkedIn,Germany,45-54,Male,2348
3,LinkedIn,Germany,45-54,Female,1141
3,LinkedIn,Germany,45-54,Other,1335
3,LinkedIn,Germany,55+,Male,658
3,LinkedIn,Germany,55+,Female,531
3,LinkedIn,Germany,55+,Other,1845
3,LinkedIn,Australia,18-24,Male,1372
3,LinkedIn,Australia,18-24,Female,2207
3,LinkedIn,Australia,18-24,Other,1889
3,LinkedIn,Australia,25-34,Male,3483
3,LinkedIn,Australia,25-34,Female,2679
3,LinkedIn,Australia,25-34,Other,6031
3,LinkedIn,Australia,35-44,Male,2825
3,LinkedIn,Australia,35-44,Female,6991
3,LinkedIn,Australia,35-44,Other,5227
3,LinkedIn,Australia,45-54,Male,2473
3,LinkedIn,Australia,45-54,Female,592
3,LinkedIn,Australia,45-54,Other,1033
3,LinkedIn,Australia,55+,Male,1157
3,LinkedIn,Australia,55+,Female,2145
3,LinkedIn,Australia,55+,Other,738
3,LinkedIn,Brazil,18-24,Male,860
3,LinkedIn,Brazil,18-24,Female,2196
3,LinkedIn,Brazil,18-24,Other,2487
3,LinkedIn,Brazil,25-34,Male,1741
3,LinkedIn,Brazil,25-34,Female,6960
3,LinkedIn,Brazil,25-34,Other,1419
3,LinkedIn,Brazil,35-44,Male,4732
3,LinkedIn,Brazil,35-44,Female,4519
3,LinkedIn,Brazil,35-44,Other,2940
3,LinkedIn,Brazil,45-54,Male,959
3,LinkedIn,Brazil,45-54,Female,1695
3,LinkedIn,Brazil,45-54,Other,2263
3,LinkedIn,Brazil,55+,Male,2391
3,LinkedIn,Brazil,55+,Female,1220
3,LinkedIn,Brazil,55+,Other,339
4,Twitter,United States,18-24,Male,916
4,Twitter,United States,18-24,Female,561
4,Twitter,United States,18-24,Other,1019
4,Twitter,United States,25-34,Male,1828
4,Twitter,United States,25-34,Female,2193
4,Twitter,United States,25-34,Other,459
4,Twitter,United States,35-44,Male,1871
4,Twitter,United States,35-44,Female,410
4,Twitter,United States,35-44,Other,1176
4,Twitter,United States,45-54,Male,1200
4,Twitter,United States,45-54,Female,2262
4,Twitter,United States,45-54,Other,1473
4,Twitter,United States,55+,Male,497
4,Twitter,United States,55+,Female,2139
4,Twitter,United States,55+,Other,2334
4,Twitter,India,18-24,Male,2063
4,Twitter,India,18-24,Female,1853
4,Twitter,India,18-24,Other,254
4,Twitter,India,25-34,Male,832
4,Twitter,India,25-34,Female,2292
4,Twitter,India,25-34,Other,2219
4,Twitter,India,35-44,Male,1468
4,Twitter,India,35-44,Female,258
4,Twitter,India,35-44,Other,2133
4,Twitter,India,45-54,Male,854
4,Twitter,India,45-54,Female,1894
4,Twitter,India,45-54,Other,1227
4,Twitter,India,55+,Male,2373
4,Twitter,India,55+,Female,2284
4,Twitter,India,55+,Other,490
4,Twitter,United Kingdom,18-24,Male,215
4,Twitter,United Kingdom,18-24,Female,1586
4,Twitter,United Kingdom,18-24,Other,324
4,Twitter,United Kingdom,25-34,Male,1216
4,Twitter,United Kingdom,25-34,Female,560
4,Twitter,United Kingdom,25-34,Other,1909
4,Twitter,United Kingdom,35-44,Male,2169
4,Twitter,United Kingdom,35-44,Female,2399
4,Twitter,United Kingdom,35-44,Other,505
4,Twitter,United Kingdom,45-54,Male,911
4,Twitter,United Kingdom,45-54,Female,2375
4,Twitter,United Kingdom,45-54,Other,2291
4,Twitter,United Kingdom,55+,Male,1196
4,Twitter,United Kingdom,55+,Female,2019
4,Twitter,United Kingdom,55+,Other,1106
4,Twitter,Canada,18-24,Male,2412
4,Twitter,Canada,18-24,Female,1547
4,Twitter,Canada,18-24,Other,1114
4,Twitter,Canada,25-34,Male,437
4,Twitter,Canada,25-34,Female,2478
4,Twitter,Canada,25-34,Other,835
4,Twitter,Canada,35-44,Male,952
4,Twitter,Canada,35-44,Female,2035
4,Twitter,Canada,35-44,Other,2317
4,Twitter,Canada,45-54,Male,594
4,Twitter,Canada,45-54,Female,1321
4,Twitter,Canada,45-54,Other,1943
4,Twitter,Canada,55+,Male,1626
4,Twitter,Canada,55+,Female,1223
4,Twitter,Canada,55+,Other,1497
4,Twitter,Germany,18-24,Male,1203
4,Twitter,Germany,18-24,Female,1927
4,Twitter,Germany,18-24,Other,2315
4,Twitter,Germany,25-34,Male,808
4,Twitter,Germany,25-34,Female,1195
4,Twitter,Germany,25-34,Other,914
4,Twitter,Germany,35-44,Male,375
4,Twitter,Germany,35-44,Female,1996
4,Twitter,Germany,35-44,Other,885
4,Twitter,Germany,45-54,Male,1430
4,Twitter,Germany,45-54,Female,2295
4,Twitter,Germany,45-54,Other,1897
4,Twitter,Germany,55+,Male,606
4,Twitter,Germany,55+,Female,550
4,Twitter,Germany,55+,Other,1595
4,Twitter,Australia,18-24,Male,1968
4,Twitter,Australia,18-24,Female,852
4,Twitter,Australia,18-24,Other,1146
4,Twitter,Australia,25-34,Male,412
4,Twitter,Australia,25-34,Female,1792
4,Twitter,Australia,25-34,Other,2241
4,Twitter,Australia,35-44,Male,2463
4,Twitter,Australia,35-44,Female,320
4,Twitter,Australia,35-44,Other,464
4,Twitter,Australia,45-54,Male,1344
4,Twitter,Australia,45-54,Female,1779
4,Twitter,Australia,45-54,Other,2212
4,Twitter,Australia,55+,Male,353
4,Twitter,Australia,55+,Female,546
4,Twitter,Australia,55+,Other,1334
4,Twitter,Brazil,18-24,Male,517
4,Twitter,Brazil,18-24,Female,816
4,Twitter,Brazil,18-24,Other,2499
4,Twitter,Brazil,25-34,Male,203
4,Twitter,Brazil,25-34,Female,1245
4,Twitter,Brazil,25-34,Other,1407
4,Twitter,Brazil,35-44,Male,1992
4,Twitter,Brazil,35-44,Female,630
4,Twitter,Brazil,35-44,Other,849
4,Twitter,Brazil,45-54,Male,352
4,Twitter,Brazil,45-54,Female,1025
4,Twitter,Brazil,45-54,Other,1919
4,Twitter,Brazil,55+,Male,724
4,Twitter,Brazil,55+,Female,1367
4,Twitter,Brazil,55+,Other,2446
