snapshot_date,platform_id,platform,followers,following
2025-01-01,1,Facebook,45022,123
2025-01-01,2,Instagram,85076,451
2025-01-01,3,LinkedIn,32053,888
2025-01-01,4,Twitter,28021,348
2025-01-02,1,Facebook,45040,120
2025-01-02,2,Instagram,85150,448
2025-01-02,3,LinkedIn,32119,893
2025-01-02,4,Twitter,28039,349
2025-01-03,1,Facebook,45057,120
2025-01-03,2,Instagram,85243,449
2025-01-03,3,LinkedIn,32157,892
2025-01-03,4,Twitter,28051,353
2025-01-04,1,Facebook,45078,118
2025-01-04,2,Instagram,85277,453
2025-01-04,3,LinkedIn,32178,891
2025-01-04,4,Twitter,28063,349
2025-01-05,1,Facebook,45091,118
2025-01-05,2,Instagram,85364,452
2025-01-05,3,LinkedIn,32210,893
2025-01-05,4,Twitter,28071,348
2025-01-06,1,Facebook,45119,120
2025-01-06,2,Instagram,85438,449
2025-01-06,3,LinkedIn,32255,891
2025-01-06,4,Twitter,28079,351
2025-01-07,1,Facebook,45135,122
2025-01-07,2,Instagram,85520,449
2025-01-07,3,LinkedIn,32284,889
2025-01-07,4,Twitter,28095,353
2025-01-08,1,Facebook,45151,122
2025-01-08,2,Instagram,85592,451
2025-01-08,3,LinkedIn,32320,893
2025-01-08,4,Twitter,28118,352
2025-01-09,1,Facebook,45170,123
2025-01-09,2,Instagram,85646,449
2025-01-09,3,LinkedIn,32376,893
2025-01-09,4,Twitter,28127,351
2025-01-10,1,Facebook,45191,120
2025-01-10,2,Instagram,85678,453
2025-01-10,3,LinkedIn,32403,891
2025-01-10,4,Twitter,28142,349
2025-01-11,1,Facebook,45215,119
2025-01-11,2,Instagram,85762,451
2025-01-11,3,LinkedIn,32446,892
2025-01-11,4,Twitter,28155,353
2025-01-12,1,Facebook,45226,122
2025-01-12,2,Instagram,85824,451
2025-01-12,3,LinkedIn,32484,890
2025-01-12,4,Twitter,28174,349
2025-01-13,1,Facebook,45248,118
2025-01-13,2,Instagram,85861,448
2025-01-13,3,LinkedIn,32533,893
2025-01-13,4,Twitter,28187,350
2025-01-14,1,Facebook,45263,119
2025-01-14,2,Instagram,85955,453
2025-01-14,3,LinkedIn,32591,890
2025-01-14,4,Twitter,28206,349
2025-01-15,1,Facebook,45277,122
2025-01-15,2,Instagram,86027,451
2025-01-15,3,LinkedIn,32640,889
2025-01-15,4,Twitter,28225,353
2025-01-16,1,Facebook,45294,118
2025-01-16,2,Instagram,86102,451
2025-01-16,3,LinkedIn,32670,890
2025-01-16,4,Twitter,28234,351
2025-01-17,1,Facebook,45318,122
2025-01-17,2,Instagram,86214,449
2025-01-17,3,LinkedIn,32714,893
2025-01-17,4,Twitter,28253,348
2025-01-18,1,Facebook,45340,120
2025-01-18,2,Instagram,86278,453
2025-01-18,3,LinkedIn,32763,890
2025-01-18,4,Twitter,28274,350
2025-01-19,1,Facebook,45359,123
2025-01-19,2,Instagram,86395,452
2025-01-19,3,LinkedIn,32772,890
2025-01-19,4,Twitter,28292,348
2025-01-20,1,Facebook,45379,122
2025-01-20,2,Instagram,86467,453
2025-01-20,3,LinkedIn,32818,892
2025-01-20,4,Twitter,28298,351
2025-01-21,1,Facebook,45397,123
2025-01-21,2,Instagram,86555,450
2025-01-21,3,LinkedIn,32882,890
2025-01-21,4,Twitter,28310,353
2025-01-22,1,Facebook,45412,122
2025-01-22,2,Instagram,86622,453
2025-01-22,3,LinkedIn,32939,891
2025-01-22,4,Twitter,28326,349
2025-01-23,1,Facebook,45428,123
2025-01-23,2,Instagram,86714,450
2025-01-23,3,LinkedIn,32985,893
2025-01-23,4,Twitter,28345,349
2025-01-24,1,Facebook,45443,122
2025-01-24,2,Instagram,86786,450
2025-01-24,3,LinkedIn,33024,888
2025-01-24,4,Twitter,28353,352
2025-01-25,1,Facebook,45464,123
2025-01-25,2,Instagram,86872,449
2025-01-25,3,LinkedIn,33069,891
2025-01-25,4,Twitter,28366,351
2025-01-26,1,Facebook,45475,123
2025-01-26,2,Instagram,86941,448
2025-01-26,3,LinkedIn,33109,890
2025-01-26,4,Twitter,28377,351
2025-01-27,1,Facebook,45494,119
2025-01-27,2,Instagram,87030,453
2025-01-27,3,LinkedIn,33179,893
2025-01-27,4,Twitter,28392,351
2025-01-28,1,Facebook,45515,122
2025-01-28,2,Instagram,87108,450
2025-01-28,3,LinkedIn,33198,888
2025-01-28,4,Twitter,28406,353
2025-01-29,1,Facebook,45535,121
2025-01-29,2,Instagram,87247,448
2025-01-29,3,LinkedIn,33240,890
2025-01-29,4,Twitter,28422,353
2025-01-30,1,Facebook,45554,118
2025-01-30,2,Instagram,87298,452
2025-01-30,3,LinkedIn,33300,889
2025-01-30,4,Twitter,28440,350
2025-01-31,1,Facebook,45578,118
2025-01-31,2,Instagram,87356,453
2025-01-31,3,LinkedIn,33363,888
2025-01-31,4,Twitter,28448,348
2025-02-01,1,Facebook,45601,119
2025-02-01,2,Instagram,87488,448
2025-02-01,3,LinkedIn,33394,893
2025-02-01,4,Twitter,28460,352
2025-02-02,1,Facebook,45621,121
2025-02-02,2,Instagram,87555,451
2025-02-02,3,LinkedIn,33418,889
2025-02-02,4,Twitter,28475,348
2025-02-03,1,Facebook,45634,121
2025-02-03,2,Instagram,87646,450
2025-02-03,3,LinkedIn,33450,892
2025-02-03,4,Twitter,28496,348
2025-02-04,1,Facebook,45649,120
2025-02-04,2,Instagram,87718,450
2025-02-04,3,LinkedIn,33505,893
2025-02-04,4,Twitter,28505,350
2025-02-05,1,Facebook,45670,121
2025-02-05,2,Instagram,87829,451
2025-02-05,3,LinkedIn,33528,888
2025-02-05,4,Twitter,28520,352
2025-02-06,1,Facebook,45691,121
2025-02-06,2,Instagram,87927,451
2025-02-06,3,LinkedIn,33556,893
2025-02-06,4,Twitter,28529,351
2025-02-07,1,Facebook,45714,123
2025-02-07,2,Instagram,88014,451
2025-02-07,3,LinkedIn,33604,888
2025-02-07,4,Twitter,28545,348
2025-02-08,1,Facebook,45729,123
2025-02-08,2,Instagram,88099,450
2025-02-08,3,LinkedIn,33652,888
2025-02-08,4,Twitter,28556,353
2025-02-09,1,Facebook,45760,120
2025-02-09,2,Instagram,88190,449
2025-02-09,3,LinkedIn,33680,890
2025-02-09,4,Twitter,28573,348
2025-02-10,1,Facebook,45774,118
2025-02-10,2,Instagram,88288,448
2025-02-10,3,LinkedIn,33740,889
2025-02-10,4,Twitter,28584,351
2025-02-11,1,Facebook,45799,123
2025-02-11,2,Instagram,88377,450
2025-02-11,3,LinkedIn,33796,890
2025-02-11,4,Twitter,28607,351
2025-02-12,1,Facebook,45817,121
2025-02-12,2,Instagram,88438,453
2025-02-12,3,LinkedIn,33828,890
2025-02-12,4,Twitter,28618,351
2025-02-13,1,Facebook,45836,120
2025-02-13,2,Instagram,88526,451
2025-02-13,3,LinkedIn,33876,893
2025-02-13,4,Twitter,28636,351
2025-02-14,1,Facebook,45856,120
2025-02-14,2,Instagram,88640,453
2025-02-14,3,LinkedIn,33917,891
2025-02-14,4,Twitter,28663,349
2025-02-15,1,Facebook,45879,123
2025-02-15,2,Instagram,88699,449
2025-02-15,3,LinkedIn,33947,892
2025-02-15,4,Twitter,28680,353
2025-02-16,1,Facebook,45897,121
2025-02-16,2,Instagram,88796,451
2025-02-16,3,LinkedIn,33998,890
2025-02-16,4,Twitter,28694,348
2025-02-17,1,Facebook,45911,118
2025-02-17,2,Instagram,88839,450
2025-02-17,3,LinkedIn,34036,888
2025-02-17,4,Twitter,28712,351
2025-02-18,1,Facebook,45932,122
2025-02-18,2,Instagram,88889,450
2025-02-18,3,LinkedIn,34083,892
2025-02-18,4,Twitter,28728,348
2025-02-19,1,Facebook,45946,123
2025-02-19,2,Instagram,88972,449
2025-02-19,3,LinkedIn,34128,889
2025-02-19,4,Twitter,28737,349
2025-02-20,1,Facebook,45968,118
2025-02-20,2,Instagram,89065,452
2025-02-20,3,LinkedIn,34187,890
2025-02-20,4,Twitter,28756,351
2025-02-21,1,Facebook,45979,123
2025-02-21,2,Instagram,89122,449
2025-02-21,3,LinkedIn,34238,888
2025-02-21,4,Twitter,28773,350
2025-02-22,1,Facebook,46002,123
2025-02-22,2,Instagram,89294,451
2025-02-22,3,LinkedIn,34290,893
2025-02-22,4,Twitter,28793,348
2025-02-23,1,Facebook,46027,121
2025-02-23,2,Instagram,89389,448
2025-02-23,3,LinkedIn,34330,891
2025-02-23,4,Twitter,28811,350
2025-02-24,1,Facebook,46042,119
2025-02-24,2,Instagram,89463,451
2025-02-24,3,LinkedIn,34368,889
2025-02-24,4,Twitter,28826,348
2025-02-25,1,Facebook,46075,120
2025-02-25,2,Instagram,89498,449
2025-02-25,3,LinkedIn,34422,890
2025-02-25,4,Twitter,28833,349
2025-02-26,1,Facebook,46092,122
2025-02-26,2,Instagram,89604,452
2025-02-26,3,LinkedIn,34467,888
2025-02-26,4,Twitter,28843,351
2025-02-27,1,Facebook,46107,123
2025-02-27,2,Instagram,89700,452
2025-02-27,3,LinkedIn,34502,888
2025-02-27,4,Twitter,28858,353
2025-02-28,1,Facebook,46127,121
2025-02-28,2,Instagram,89764,449
2025-02-28,3,LinkedIn,34575,892
2025-02-28,4,Twitter,28875,349
2025-03-01,1,Facebook,46134,118
2025-03-01,2,Instagram,89848,452
2025-03-01,3,LinkedIn,34611,893
2025-03-01,4,Twitter,28893,351
2025-03-02,1,Facebook,46149,118
2025-03-02,2,Instagram,89925,450
2025-03-02,3,LinkedIn,34662,888
2025-03-02,4,Twitter,28911,351
2025-03-03,1,Facebook,46161,118
2025-03-03,2,Instagram,89996,448
2025-03-03,3,LinkedIn,34700,891
2025-03-03,4,Twitter,28923,351
2025-03-04,1,Facebook,46191,118
2025-03-04,2,Instagram,90085,451
2025-03-04,3,LinkedIn,34727,892
2025-03-04,4,Twitter,28942,348
2025-03-05,1,Facebook,46223,119
2025-03-05,2,Instagram,90189,451
2025-03-05,3,LinkedIn,34751,891
2025-03-05,4,Twitter,28954,348
2025-03-06,1,Facebook,46250,120
2025-03-06,2,Instagram,90252,452
2025-03-06,3,LinkedIn,34801,888
2025-03-06,4,Twitter,28972,350
2025-03-07,1,Facebook,46264,118
2025-03-07,2,Instagram,90330,448
2025-03-07,3,LinkedIn,34802,891
2025-03-07,4,Twitter,28982,353
2025-03-08,1,Facebook,46282,122
2025-03-08,2,Instagram,90380,453
2025-03-08,3,LinkedIn,34869,893
2025-03-08,4,Twitter,28990,351
2025-03-09,1,Facebook,46299,121
2025-03-09,2,Instagram,90463,452
2025-03-09,3,LinkedIn,34933,891
2025-03-09,4,Twitter,28998,353
2025-03-10,1,Facebook,46325,119
2025-03-10,2,Instagram,90543,448
2025-03-10,3,LinkedIn,34964,892
2025-03-10,4,Twitter,29015,352
2025-03-11,1,Facebook,46346,120
2025-03-11,2,Instagram,90608,451
2025-03-11,3,LinkedIn,35009,891
2025-03-11,4,Twitter,29028,348
2025-03-12,1,Facebook,46366,122
2025-03-12,2,Instagram,90703,452
2025-03-12,3,LinkedIn,35075,891
2025-03-12,4,Twitter,29037,353
2025-03-13,1,Facebook,46398,118
2025-03-13,2,Instagram,90736,452
2025-03-13,3,LinkedIn,35117,891
2025-03-13,4,Twitter,29054,350
2025-03-14,1,Facebook,46419,122
2025-03-14,2,Instagram,90801,451
2025-03-14,3,LinkedIn,35159,888
2025-03-14,4,Twitter,29066,349
2025-03-15,1,Facebook,46435,119
2025-03-15,2,Instagram,90901,452
2025-03-15,3,LinkedIn,35208,892
2025-03-15,4,Twitter,29077,349
2025-03-16,1,Facebook,46460,118
2025-03-16,2,Instagram,90988,452
2025-03-16,3,LinkedIn,35263,893
2025-03-16,4,Twitter,29094,351
2025-03-17,1,Facebook,46475,122
2025-03-17,2,Instagram,91054,452
2025-03-17,3,LinkedIn,35318,890
2025-03-17,4,Twitter,29111,353
2025-03-18,1,Facebook,46494,121
2025-03-18,2,Instagram,91136,451
2025-03-18,3,LinkedIn,35380,892
2025-03-18,4,Twitter,29123,352
2025-03-19,1,Facebook,46517,122
2025-03-19,2,Instagram,91211,452
2025-03-19,3,LinkedIn,35422,889
2025-03-19,4,Twitter,29142,350
2025-03-20,1,Facebook,46541,119
2025-03-20,2,Instagram,91310,451
2025-03-20,3,LinkedIn,35484,890
2025-03-20,4,Twitter,29157,352
2025-03-21,1,Facebook,46565,121
2025-03-21,2,Instagram,91382,452
2025-03-21,3,LinkedIn,35533,893
2025-03-21,4,Twitter,29171,351
2025-03-22,1,Facebook,46585,122
2025-03-22,2,Instagram,91476,453
2025-03-22,3,LinkedIn,35566,891
2025-03-22,4,Twitter,29195,349
2025-03-23,1,Facebook,46598,121
2025-03-23,2,Instagram,91526,450
2025-03-23,3,LinkedIn,35626,892
2025-03-23,4,Twitter,29213,349
2025-03-24,1,Facebook,46621,123
2025-03-24,2,Instagram,91621,449
2025-03-24,3,LinkedIn,35670,888
2025-03-24,4,Twitter,29223,348
2025-03-25,1,Facebook,46641,122
2025-03-25,2,Instagram,91684,453
2025-03-25,3,LinkedIn,35728,891
2025-03-25,4,Twitter,29237,348
2025-03-26,1,Facebook,46656,120
2025-03-26,2,Instagram,91756,450
2025-03-26,3,LinkedIn,35778,891
2025-03-26,4,Twitter,29249,350
2025-03-27,1,Facebook,46671,122
2025-03-27,2,Instagram,91841,450
2025-03-27,3,LinkedIn,35826,888
2025-03-27,4,Twitter,29261,348
2025-03-28,1,Facebook,46688,119
2025-03-28,2,Instagram,91926,449
2025-03-28,3,LinkedIn,35851,891
2025-03-28,4,Twitter,29269,351
2025-03-29,1,Facebook,46703,119
2025-03-29,2,Instagram,92000,453
2025-03-29,3,LinkedIn,35900,893
2025-03-29,4,Twitter,29290,348
2025-03-30,1,Facebook,46728,118
2025-03-30,2,Instagram,92076,450
2025-03-30,3,LinkedIn,35944,891
2025-03-30,4,Twitter,29300,351
2025-03-31,1,Facebook,46747,123
2025-03-31,2,Instagram,92149,452
2025-03-31,3,LinkedIn,35993,888
2025-03-31,4,Twitter,29311,350
2025-04-01,1,Facebook,46770,118
2025-04-01,2,Instagram,92265,452
2025-04-01,3,LinkedIn,36036,889
2025-04-01,4,Twitter,29327,352
2025-04-02,1,Facebook,46794,119
2025-04-02,2,Instagram,92335,450
2025-04-02,3,LinkedIn,36084,891
2025-04-02,4,Twitter,29342,350
2025-04-03,1,Facebook,46814,122
2025-04-03,2,Instagram,92396,453
2025-04-03,3,LinkedIn,36129,888
2025-04-03,4,Twitter,29359,353
2025-04-04,1,Facebook,46842,119
2025-04-04,2,Instagram,92499,451
2025-04-04,3,LinkedIn,36203,888
2025-04-04,4,Twitter,29370,351
2025-04-05,1,Facebook,46867,120
2025-04-05,2,Instagram,92583,448
2025-04-05,3,LinkedIn,36277,892
2025-04-05,4,Twitter,29381,350
2025-04-06,1,Facebook,46881,123
2025-04-06,2,Instagram,92648,453
2025-04-06,3,LinkedIn,36293,889
2025-04-06,4,Twitter,29393,353
2025-04-07,1,Facebook,46896,119
2025-04-07,2,Instagram,92731,453
2025-04-07,3,LinkedIn,36342,888
2025-04-07,4,Twitter,29416,350
2025-04-08,1,Facebook,46921,122
2025-04-08,2,Instagram,92797,451
2025-04-08,3,LinkedIn,36374,893
2025-04-08,4,Twitter,29433,349
2025-04-09,1,Facebook,46933,121
2025-04-09,2,Instagram,92920,452
2025-04-09,3,LinkedIn,36434,888
2025-04-09,4,Twitter,29445,349
2025-04-10,1,Facebook,46942,118
2025-04-10,2,Instagram,93032,453
2025-04-10,3,LinkedIn,36477,892
2025-04-10,4,Twitter,29465,348
2025-04-11,1,Facebook,46952,120
2025-04-11,2,Instagram,93097,448
2025-04-11,3,LinkedIn,36522,892
2025-04-11,4,Twitter,29480,353
2025-04-12,1,Facebook,46969,118
2025-04-12,2,Instagram,93191,453
2025-04-12,3,LinkedIn,36552,889
2025-04-12,4,Twitter,29494,351
2025-04-13,1,Facebook,46989,122
2025-04-13,2,Instagram,93283,448
2025-04-13,3,LinkedIn,36606,888
2025-04-13,4,Twitter,29503,350
2025-04-14,1,Facebook,46999,121
2025-04-14,2,Instagram,93393,452
2025-04-14,3,LinkedIn,36655,888
2025-04-14,4,Twitter,29514,350
2025-04-15,1,Facebook,47028,121
2025-04-15,2,Instagram,93475,453
2025-04-15,3,LinkedIn,36715,890
2025-04-15,4,Twitter,29529,350
2025-04-16,1,Facebook,47060,122
2025-04-16,2,Instagram,93597,450
2025-04-16,3,LinkedIn,36756,888
2025-04-16,4,Twitter,29548,350
2025-04-17,1,Facebook,47083,123
2025-04-17,2,Instagram,93709,452
2025-04-17,3,LinkedIn,36787,888
2025-04-17,4,Twitter,29566,350
2025-04-18,1,Facebook,47109,118
2025-04-18,2,Instagram,93746,452
2025-04-18,3,LinkedIn,36816,889
2025-04-18,4,Twitter,29571,352
2025-04-19,1,Facebook,47127,120
2025-04-19,2,Instagram,93843,449
2025-04-19,3,LinkedIn,36881,891
2025-04-19,4,Twitter,29586,352
2025-04-20,1,Facebook,47156,122
2025-04-20,2,Instagram,93889,448
2025-04-20,3,LinkedIn,36903,893
2025-04-20,4,Twitter,29600,353
2025-04-21,1,Facebook,47178,118
2025-04-21,2,Instagram,93968,452
2025-04-21,3,LinkedIn,36920,893
2025-04-21,4,Twitter,29614,349
2025-04-22,1,Facebook,47190,121
2025-04-22,2,Instagram,94064,452
2025-04-22,3,LinkedIn,36969,892
2025-04-22,4,Twitter,29624,348
2025-04-23,1,Facebook,47206,118
2025-04-23,2,Instagram,94118,452
2025-04-23,3,LinkedIn,37013,892
2025-04-23,4,Twitter,29643,351
2025-04-24,1,Facebook,47220,123
2025-04-24,2,Instagram,94210,448
2025-04-24,3,LinkedIn,37050,893
2025-04-24,4,Twitter,29654,351
2025-04-25,1,Facebook,47239,122
2025-04-25,2,Instagram,94265,448
2025-04-25,3,LinkedIn,37087,890
2025-04-25,4,Twitter,29663,350
2025-04-26,1,Facebook,47270,118
2025-04-26,2,Instagram,94345,451
2025-04-26,3,LinkedIn,37122,893
2025-04-26,4,Twitter,29678,351
2025-04-27,1,Facebook,47289,123
2025-04-27,2,Instagram,94419,451
2025-04-27,3,LinkedIn,37175,888
2025-04-27,4,Twitter,29696,348
2025-04-28,1,Facebook,47305,121
2025-04-28,2,Instagram,94485,451
2025-04-28,3,LinkedIn,37216,893
2025-04-28,4,Twitter,29700,349
2025-04-29,1,Facebook,47315,122
2025-04-29,2,Instagram,94597,450
2025-04-29,3,LinkedIn,37283,889
2025-04-29,4,Twitter,29713,348
2025-04-30,1,Facebook,47338,121
2025-04-30,2,Instagram,94684,451
2025-04-30,3,LinkedIn,37369,888
2025-04-30,4,Twitter,29733,352
2025-05-01,1,Facebook,47357,118
2025-05-01,2,Instagram,94741,450
2025-05-01,3,LinkedIn,37392,893
2025-05-01,4,Twitter,29748,352
2025-05-02,1,Facebook,47372,123
2025-05-02,2,Instagram,94786,450
2025-05-02,3,LinkedIn,37428,892
2025-05-02,4,Twitter,29758,349
2025-05-03,1,Facebook,47402,120
2025-05-03,2,Instagram,94887,453
2025-05-03,3,LinkedIn,37472,888
2025-05-03,4,Twitter,29779,350
2025-05-04,1,Facebook,47422,122
2025-05-04,2,Instagram,94946,453
2025-05-04,3,LinkedIn,37537,891
2025-05-04,4,Twitter,29796,351
2025-05-05,1,Facebook,47435,123
2025-05-05,2,Instagram,95021,453
2025-05-05,3,LinkedIn,37570,892
2025-05-05,4,Twitter,29804,353
2025-05-06,1,Facebook,47460,120
2025-05-06,2,Instagram,95146,453
2025-05-06,3,LinkedIn,37596,891
2025-05-06,4,Twitter,29821,349
2025-05-07,1,Facebook,47476,120
2025-05-07,2,Instagram,95214,448
2025-05-07,3,LinkedIn,37633,888
2025-05-07,4,Twitter,29832,349
2025-05-08,1,Facebook,47496,118
2025-05-08,2,Instagram,95274,449
2025-05-08,3,LinkedIn,37681,888
2025-05-08,4,Twitter,29846,350
2025-05-09,1,Facebook,47514,118
2025-05-09,2,Instagram,95332,453
2025-05-09,3,LinkedIn,37718,892
2025-05-09,4,Twitter,29864,351
2025-05-10,1,Facebook,47537,118
2025-05-10,2,Instagram,95388,451
2025-05-10,3,LinkedIn,37764,890
2025-05-10,4,Twitter,29882,352
2025-05-11,1,Facebook,47546,122
2025-05-11,2,Instagram,95481,452
2025-05-11,3,LinkedIn,37800,891
2025-05-11,4,Twitter,29899,349
2025-05-12,1,Facebook,47561,119
2025-05-12,2,Instagram,95517,453
2025-05-12,3,LinkedIn,37823,890
2025-05-12,4,Twitter,29914,352
2025-05-13,1,Facebook,47582,120
2025-05-13,2,Instagram,95575,453
2025-05-13,3,LinkedIn,37876,891
2025-05-13,4,Twitter,29921,351
2025-05-14,1,Facebook,47601,120
2025-05-14,2,Instagram,95625,453
2025-05-14,3,LinkedIn,37912,888
2025-05-14,4,Twitter,29936,352
2025-05-15,1,Facebook,47615,120
2025-05-15,2,Instagram,95695,452
2025-05-15,3,LinkedIn,37970,890
2025-05-15,4,Twitter,29948,352
2025-05-16,1,Facebook,47640,119
2025-05-16,2,Instagram,95747,449
2025-05-16,3,LinkedIn,38022,890
2025-05-16,4,Twitter,29969,348
2025-05-17,1,Facebook,47645,122
2025-05-17,2,Instagram,95807,452
2025-05-17,3,LinkedIn,38074,888
2025-05-17,4,Twitter,29983,348
2025-05-18,1,Facebook,47667,118
2025-05-18,2,Instagram,95872,449
2025-05-18,3,LinkedIn,38120,891
2025-05-18,4,Twitter,29997,349
2025-05-19,1,Facebook,47694,119
2025-05-19,2,Instagram,95958,450
2025-05-19,3,LinkedIn,38169,892
2025-05-19,4,Twitter,30010,349
2025-05-20,1,Facebook,47711,119
2025-05-20,2,Instagram,96027,451
2025-05-20,3,LinkedIn,38219,891
2025-05-20,4,Twitter,30023,353
2025-05-21,1,Facebook,47732,121
2025-05-21,2,Instagram,96156,448
2025-05-21,3,LinkedIn,38275,892
2025-05-21,4,Twitter,30036,350
2025-05-22,1,Facebook,47759,122
2025-05-22,2,Instagram,96226,450
2025-05-22,3,LinkedIn,38292,893
2025-05-22,4,Twitter,30046,349
2025-05-23,1,Facebook,47767,121
2025-05-23,2,Instagram,96297,452
2025-05-23,3,LinkedIn,38337,889
2025-05-23,4,Twitter,30068,349
2025-05-24,1,Facebook,47788,122
2025-05-24,2,Instagram,96371,453
2025-05-24,3,LinkedIn,38393,893
2025-05-24,4,Twitter,30073,350
2025-05-25,1,Facebook,47809,123
2025-05-25,2,Instagram,96469,450
2025-05-25,3,LinkedIn,38418,890
2025-05-25,4,Twitter,30093,349
2025-05-26,1,Facebook,47831,123
2025-05-26,2,Instagram,96539,450
2025-05-26,3,LinkedIn,38471,890
2025-05-26,4,Twitter,30118,352
2025-05-27,1,Facebook,47852,119
2025-05-27,2,Instagram,96624,448
2025-05-27,3,LinkedIn,38509,889
2025-05-27,4,Twitter,30129,352
2025-05-28,1,Facebook,47876,123
2025-05-28,2,Instagram,96683,448
2025-05-28,3,LinkedIn,38554,888
2025-05-28,4,Twitter,30141,348
2025-05-29,1,Facebook,47898,120
2025-05-29,2,Instagram,96771,453
2025-05-29,3,LinkedIn,38613,890
2025-05-29,4,Twitter,30153,351
2025-05-30,1,Facebook,47916,121
2025-05-30,2,Instagram,96827,452
2025-05-30,3,LinkedIn,38652,890
2025-05-30,4,Twitter,30169,348
2025-05-31,1,Facebook,47940,123
2025-05-31,2,Instagram,96884,450
2025-05-31,3,LinkedIn,38708,888
2025-05-31,4,Twitter,30190,349
2025-06-01,1,Facebook,47962,122
2025-06-01,2,Instagram,97009,452
2025-06-01,3,LinkedIn,38742,890
2025-06-01,4,Twitter,30199,350
2025-06-02,1,Facebook,47971,119
2025-06-02,2,Instagram,97124,449
2025-06-02,3,LinkedIn,38795,889
2025-06-02,4,Twitter,30213,351
2025-06-03,1,Facebook,47992,120
2025-06-03,2,Instagram,97176,448
2025-06-03,3,LinkedIn,38873,892
2025-06-03,4,Twitter,30228,349
2025-06-04,1,Facebook,48012,122
2025-06-04,2,Instagram,97273,451
2025-06-04,3,LinkedIn,38924,889
2025-06-04,4,Twitter,30244,348
2025-06-05,1,Facebook,48027,121
2025-06-05,2,Instagram,97364,450
2025-06-05,3,LinkedIn,38994,889
2025-06-05,4,Twitter,30265,350
2025-06-06,1,Facebook,48056,119
2025-06-06,2,Instagram,97431,453
2025-06-06,3,LinkedIn,39025,893
2025-06-06,4,Twitter,30279,349
2025-06-07,1,Facebook,48076,119
2025-06-07,2,Instagram,97537,450
2025-06-07,3,LinkedIn,39047,889
2025-06-07,4,Twitter,30300,350
2025-06-08,1,Facebook,48095,123
2025-06-08,2,Instagram,97606,449
2025-06-08,3,LinkedIn,39078,888
2025-06-08,4,Twitter,30307,353
2025-06-09,1,Facebook,48119,119
2025-06-09,2,Instagram,97687,452
2025-06-09,3,LinkedIn,39105,890
2025-06-09,4,Twitter,30316,353
2025-06-10,1,Facebook,48136,121
2025-06-10,2,Instagram,97807,452
2025-06-10,3,LinkedIn,39146,891
2025-06-10,4,Twitter,30324,350
2025-06-11,1,Facebook,48154,121
2025-06-11,2,Instagram,97880,449
2025-06-11,3,LinkedIn,39154,892
2025-06-11,4,Twitter,30338,348
2025-06-12,1,Facebook,48172,121
2025-06-12,2,Instagram,97976,449
2025-06-12,3,LinkedIn,39223,889
2025-06-12,4,Twitter,30358,350
2025-06-13,1,Facebook,48190,118
2025-06-13,2,Instagram,98029,448
2025-06-13,3,LinkedIn,39302,891
2025-06-13,4,Twitter,30373,353
2025-06-14,1,Facebook,48210,120
2025-06-14,2,Instagram,98108,453
2025-06-14,3,LinkedIn,39349,890
2025-06-14,4,Twitter,30387,350
2025-06-15,1,Facebook,48226,123
2025-06-15,2,Instagram,98174,452
2025-06-15,3,LinkedIn,39393,888
2025-06-15,4,Twitter,30399,350
2025-06-16,1,Facebook,48241,122
2025-06-16,2,Instagram,98256,449
2025-06-16,3,LinkedIn,39434,892
2025-06-16,4,Twitter,30420,350
2025-06-17,1,Facebook,48245,118
2025-06-17,2,Instagram,98362,451
2025-06-17,3,LinkedIn,39495,893
2025-06-17,4,Twitter,30425,352
2025-06-18,1,Facebook,48262,119
2025-06-18,2,Instagram,98433,452
2025-06-18,3,LinkedIn,39520,891
2025-06-18,4,Twitter,30436,349
2025-06-19,1,Facebook,48275,120
2025-06-19,2,Instagram,98555,453
2025-06-19,3,LinkedIn,39577,890
2025-06-19,4,Twitter,30456,352
2025-06-20,1,Facebook,48299,121
2025-06-20,2,Instagram,98607,453
2025-06-20,3,LinkedIn,39614,889
2025-06-20,4,Twitter,30473,352
2025-06-21,1,Facebook,48311,119
2025-06-21,2,Instagram,98704,453
2025-06-21,3,LinkedIn,39655,893
2025-06-21,4,Twitter,30486,351
2025-06-22,1,Facebook,48335,118
2025-06-22,2,Instagram,98794,451
2025-06-22,3,LinkedIn,39695,889
2025-06-22,4,Twitter,30506,353
2025-06-23,1,Facebook,48348,123
2025-06-23,2,Instagram,98888,450
2025-06-23,3,LinkedIn,39748,892
2025-06-23,4,Twitter,30519,351
2025-06-24,1,Facebook,48369,123
2025-06-24,2,Instagram,98937,449
2025-06-24,3,LinkedIn,39805,891
2025-06-24,4,Twitter,30533,348
2025-06-25,1,Facebook,48385,122
2025-06-25,2,Instagram,99042,448
2025-06-25,3,LinkedIn,39840,890
2025-06-25,4,Twitter,30541,350
2025-06-26,1,Facebook,48395,122
2025-06-26,2,Instagram,99136,449
2025-06-26,3,LinkedIn,39867,893
2025-06-26,4,Twitter,30563,349
2025-06-27,1,Facebook,48402,121
2025-06-27,2,Instagram,99256,449
2025-06-27,3,LinkedIn,39914,889
2025-06-27,4,Twitter,30577,353
2025-06-28,1,Facebook,48418,123
2025-06-28,2,Instagram,99345,448
2025-06-28,3,LinkedIn,39958,891
2025-06-28,4,Twitter,30596,351
2025-06-29,1,Facebook,48438,120
2025-06-29,2,Instagram,99428,448
2025-06-29,3,LinkedIn,39998,888
2025-06-29,4,Twitter,30610,348
2025-06-30,1,Facebook,48459,120
2025-06-30,2,Instagram,99466,449
2025-06-30,3,LinkedIn,40024,889
2025-06-30,4,Twitter,30628,353
2025-07-01,1,Facebook,48480,121
2025-07-01,2,Instagram,99541,453
2025-07-01,3,LinkedIn,40069,888
2025-07-01,4,Twitter,30644,349
2025-07-02,1,Facebook,48496,120
2025-07-02,2,Instagram,99602,448
2025-07-02,3,LinkedIn,40116,890
2025-07-02,4,Twitter,30654,351
2025-07-03,1,Facebook,48518,121
2025-07-03,2,Instagram,99641,450
2025-07-03,3,LinkedIn,40174,891
2025-07-03,4,Twitter,30671,353
2025-07-04,1,Facebook,48539,122
2025-07-04,2,Instagram,99744,452
2025-07-04,3,LinkedIn,40241,893
2025-07-04,4,Twitter,30690,353
2025-07-05,1,Facebook,48547,121
2025-07-05,2,Instagram,99793,449
2025-07-05,3,LinkedIn,40277,893
2025-07-05,4,Twitter,30705,351
2025-07-06,1,Facebook,48570,118
2025-07-06,2,Instagram,99855,449
2025-07-06,3,LinkedIn,40324,891
2025-07-06,4,Twitter,30716,352
2025-07-07,1,Facebook,48586,122
2025-07-07,2,Instagram,99901,452
2025-07-07,3,LinkedIn,40356,891
2025-07-07,4,Twitter,30724,348
2025-07-08,1,Facebook,48600,122
2025-07-08,2,Instagram,100006,448
2025-07-08,3,LinkedIn,40388,893
2025-07-08,4,Twitter,30750,350
2025-07-09,1,Facebook,48622,119
2025-07-09,2,Instagram,100090,452
2025-07-09,3,LinkedIn,40421,889
2025-07-09,4,Twitter,30768,352
2025-07-10,1,Facebook,48638,122
2025-07-10,2,Instagram,100172,452
2025-07-10,3,LinkedIn,40500,893
2025-07-10,4,Twitter,30782,348
2025-07-11,1,Facebook,48664,119
2025-07-11,2,Instagram,100235,453
2025-07-11,3,LinkedIn,40544,889
2025-07-11,4,Twitter,30804,353
2025-07-12,1,Facebook,48680,119
2025-07-12,2,Instagram,100358,453
2025-07-12,3,LinkedIn,40598,892
2025-07-12,4,Twitter,30816,351
2025-07-13,1,Facebook,48703,120
2025-07-13,2,Instagram,100461,451
2025-07-13,3,LinkedIn,40651,893
2025-07-13,4,Twitter,30823,353
2025-07-14,1,Facebook,48718,120
2025-07-14,2,Instagram,100535,449
2025-07-14,3,LinkedIn,40694,893
2025-07-14,4,Twitter,30840,351
2025-07-15,1,Facebook,48739,121
2025-07-15,2,Instagram,100582,450
2025-07-15,3,LinkedIn,40744,890
2025-07-15,4,Twitter,30857,350
2025-07-16,1,Facebook,48762,118
2025-07-16,2,Instagram,100687,449
2025-07-16,3,LinkedIn,40800,893
2025-07-16,4,Twitter,30874,350
2025-07-17,1,Facebook,48781,121
2025-07-17,2,Instagram,100727,449
2025-07-17,3,LinkedIn,40850,889
2025-07-17,4,Twitter,30889,349
2025-07-18,1,Facebook,48802,118
2025-07-18,2,Instagram,100776,452
2025-07-18,3,LinkedIn,40880,893
2025-07-18,4,Twitter,30908,349
2025-07-19,1,Facebook,48821,120
2025-07-19,2,Instagram,100872,451
2025-07-19,3,LinkedIn,40925,890
2025-07-19,4,Twitter,30923,353
2025-07-20,1,Facebook,48846,120
2025-07-20,2,Instagram,100939,449
2025-07-20,3,LinkedIn,40971,892
2025-07-20,4,Twitter,30935,352
2025-07-21,1,Facebook,48863,123
2025-07-21,2,Instagram,101011,453
2025-07-21,3,LinkedIn,41018,891
2025-07-21,4,Twitter,30947,348
2025-07-22,1,Facebook,48890,119
2025-07-22,2,Instagram,101069,452
2025-07-22,3,LinkedIn,41060,888
2025-07-22,4,Twitter,30960,351
2025-07-23,1,Facebook,48918,118
2025-07-23,2,Instagram,101153,452
2025-07-23,3,LinkedIn,41118,893
2025-07-23,4,Twitter,30968,351
2025-07-24,1,Facebook,48939,118
2025-07-24,2,Instagram,101254,453
2025-07-24,3,LinkedIn,41164,891
2025-07-24,4,Twitter,30987,352
2025-07-25,1,Facebook,48955,122
2025-07-25,2,Instagram,101367,453
2025-07-25,3,LinkedIn,41240,889
2025-07-25,4,Twitter,31000,352
2025-07-26,1,Facebook,48972,122
2025-07-26,2,Instagram,101481,450
2025-07-26,3,LinkedIn,41306,890
2025-07-26,4,Twitter,31012,348
2025-07-27,1,Facebook,48989,118
2025-07-27,2,Instagram,101554,451
2025-07-27,3,LinkedIn,41332,893
2025-07-27,4,Twitter,31022,352
2025-07-28,1,Facebook,49002,119
2025-07-28,2,Instagram,101615,452
2025-07-28,3,LinkedIn,41376,893
2025-07-28,4,Twitter,31038,349
2025-07-29,1,Facebook,49031,122
2025-07-29,2,Instagram,101671,449
2025-07-29,3,LinkedIn,41434,888
2025-07-29,4,Twitter,31052,351
2025-07-30,1,Facebook,49050,119
2025-07-30,2,Instagram,101767,452
2025-07-30,3,LinkedIn,41463,892
2025-07-30,4,Twitter,31068,353
2025-07-31,1,Facebook,49070,121
2025-07-31,2,Instagram,101858,448
2025-07-31,3,LinkedIn,41511,890
2025-07-31,4,Twitter,31094,353
2025-08-01,1,Facebook,49086,119
2025-08-01,2,Instagram,101925,451
2025-08-01,3,LinkedIn,41547,892
2025-08-01,4,Twitter,31106,350
2025-08-02,1,Facebook,49102,123
2025-08-02,2,Instagram,102033,451
2025-08-02,3,LinkedIn,41611,888
2025-08-02,4,Twitter,31118,348
2025-08-03,1,Facebook,49117,119
2025-08-03,2,Instagram,102124,451
2025-08-03,3,LinkedIn,41648,893
2025-08-03,4,Twitter,31135,349
2025-08-04,1,Facebook,49138,123
2025-08-04,2,Instagram,102167,448
2025-08-04,3,LinkedIn,41713,890
2025-08-04,4,Twitter,31158,351
2025-08-05,1,Facebook,49154,122
2025-08-05,2,Instagram,102237,450
2025-08-05,3,LinkedIn,41761,893
2025-08-05,4,Twitter,31174,353
2025-08-06,1,Facebook,49177,121
2025-08-06,2,Instagram,102365,449
2025-08-06,3,LinkedIn,41803,890
2025-08-06,4,Twitter,31185,353
2025-08-07,1,Facebook,49188,118
2025-08-07,2,Instagram,102427,453
2025-08-07,3,LinkedIn,41847,892
2025-08-07,4,Twitter,31208,351
2025-08-08,1,Facebook,49204,122
2025-08-08,2,Instagram,102512,450
2025-08-08,3,LinkedIn,41891,888
2025-08-08,4,Twitter,31228,349
2025-08-09,1,Facebook,49239,119
2025-08-09,2,Instagram,102579,450
2025-08-09,3,LinkedIn,41929,889
2025-08-09,4,Twitter,31247,352
2025-08-10,1,Facebook,49263,122
2025-08-10,2,Instagram,102703,452
2025-08-10,3,LinkedIn,41981,892
2025-08-10,4,Twitter,31260,352
2025-08-11,1,Facebook,49286,123
2025-08-11,2,Instagram,102809,448
2025-08-11,3,LinkedIn,42037,893
2025-08-11,4,Twitter,31277,352
2025-08-12,1,Facebook,49312,122
2025-08-12,2,Instagram,102917,452
2025-08-12,3,LinkedIn,42100,891
2025-08-12,4,Twitter,31294,348
2025-08-13,1,Facebook,49330,122
2025-08-13,2,Instagram,103000,448
2025-08-13,3,LinkedIn,42161,888
2025-08-13,4,Twitter,31305,348
2025-08-14,1,Facebook,49352,121
2025-08-14,2,Instagram,103070,448
2025-08-14,3,LinkedIn,42206,890
2025-08-14,4,Twitter,31325,352
2025-08-15,1,Facebook,49373,123
2025-08-15,2,Instagram,103151,449
2025-08-15,3,LinkedIn,42232,889
2025-08-15,4,Twitter,31343,353
2025-08-16,1,Facebook,49396,121
2025-08-16,2,Instagram,103282,448
2025-08-16,3,LinkedIn,42272,889
2025-08-16,4,Twitter,31358,351
2025-08-17,1,Facebook,49417,122
2025-08-17,2,Instagram,103399,448
2025-08-17,3,LinkedIn,42315,892
2025-08-17,4,Twitter,31374,353
2025-08-18,1,Facebook,49440,120
2025-08-18,2,Instagram,103483,452
2025-08-18,3,LinkedIn,42353,893
2025-08-18,4,Twitter,31389,352
2025-08-19,1,Facebook,49466,120
2025-08-19,2,Instagram,103538,450
2025-08-19,3,LinkedIn,42399,890
2025-08-19,4,Twitter,31400,349
2025-08-20,1,Facebook,49493,121
2025-08-20,2,Instagram,103581,449
2025-08-20,3,LinkedIn,42436,888
2025-08-20,4,Twitter,31416,349
2025-08-21,1,Facebook,49522,119
2025-08-21,2,Instagram,103659,451
2025-08-21,3,LinkedIn,42473,893
2025-08-21,4,Twitter,31439,353
2025-08-22,1,Facebook,49533,121
2025-08-22,2,Instagram,103686,451
2025-08-22,3,LinkedIn,42523,891
2025-08-22,4,Twitter,31451,349
2025-08-23,1,Facebook,49546,122
2025-08-23,2,Instagram,103783,449
2025-08-23,3,LinkedIn,42571,888
2025-08-23,4,Twitter,31463,353
2025-08-24,1,Facebook,49558,122
2025-08-24,2,Instagram,103883,448
2025-08-24,3,LinkedIn,42624,893
2025-08-24,4,Twitter,31477,352
2025-08-25,1,Facebook,49589,118
2025-08-25,2,Instagram,103937,450
2025-08-25,3,LinkedIn,42648,889
2025-08-25,4,Twitter,31488,352
2025-08-26,1,Facebook,49608,120
2025-08-26,2,Instagram,104022,453
2025-08-26,3,LinkedIn,42689,889
2025-08-26,4,Twitter,31504,348
2025-08-27,1,Facebook,49620,122
2025-08-27,2,Instagram,104136,451
2025-08-27,3,LinkedIn,42732,892
2025-08-27,4,Twitter,31524,351
2025-08-28,1,Facebook,49642,120
2025-08-28,2,Instagram,104226,451
2025-08-28,3,LinkedIn,42784,892
2025-08-28,4,Twitter,31541,353
2025-08-29,1,Facebook,49665,120
2025-08-29,2,Instagram,104337,449
2025-08-29,3,LinkedIn,42831,888
2025-08-29,4,Twitter,31559,352
2025-08-30,1,Facebook,49684,118
2025-08-30,2,Instagram,104451,452
2025-08-30,3,LinkedIn,42866,888
2025-08-30,4,Twitter,31582,348
2025-08-31,1,Facebook,49703,122
2025-08-31,2,Instagram,104496,453
2025-08-31,3,LinkedIn,42912,891
2025-08-31,4,Twitter,31593,350
2025-09-01,1,Facebook,49728,121
2025-09-01,2,Instagram,104560,449
2025-09-01,3,LinkedIn,42950,892
2025-09-01,4,Twitter,31599,348
2025-09-02,1,Facebook,49745,123
2025-09-02,2,Instagram,104581,453
2025-09-02,3,LinkedIn,42973,889
2025-09-02,4,Twitter,31617,348
2025-09-03,1,Facebook,49769,118
2025-09-03,2,Instagram,104671,449
2025-09-03,3,LinkedIn,43004,891
2025-09-03,4,Twitter,31631,350
2025-09-04,1,Facebook,49788,122
2025-09-04,2,Instagram,104723,453
2025-09-04,3,LinkedIn,43069,891
2025-09-04,4,Twitter,31649,350
2025-09-05,1,Facebook,49806,121
2025-09-05,2,Instagram,104803,448
2025-09-05,3,LinkedIn,43116,889
2025-09-05,4,Twitter,31654,348
2025-09-06,1,Facebook,49824,119
2025-09-06,2,Instagram,104866,453
2025-09-06,3,LinkedIn,43147,889
2025-09-06,4,Twitter,31667,348
2025-09-07,1,Facebook,49854,119
2025-09-07,2,Instagram,104961,448
2025-09-07,3,LinkedIn,43184,891
2025-09-07,4,Twitter,31684,352
2025-09-08,1,Facebook,49882,118
2025-09-08,2,Instagram,105063,451
2025-09-08,3,LinkedIn,43229,888
2025-09-08,4,Twitter,31696,350
2025-09-09,1,Facebook,49906,119
2025-09-09,2,Instagram,105152,453
2025-09-09,3,LinkedIn,43286,889
2025-09-09,4,Twitter,31713,349
2025-09-10,1,Facebook,49932,121
2025-09-10,2,Instagram,105219,450
2025-09-10,3,LinkedIn,43348,892
2025-09-10,4,Twitter,31728,352
2025-09-11,1,Facebook,49964,122
2025-09-11,2,Instagram,105282,448
2025-09-11,3,LinkedIn,43416,888
2025-09-11,4,Twitter,31743,352
2025-09-12,1,Facebook,49980,120
2025-09-12,2,Instagram,105350,452
2025-09-12,3,LinkedIn,43456,889
2025-09-12,4,Twitter,31759,348
2025-09-13,1,Facebook,50003,121
2025-09-13,2,Instagram,105416,449
2025-09-13,3,LinkedIn,43500,888
2025-09-13,4,Twitter,31783,350
2025-09-14,1,Facebook,50033,118
2025-09-14,2,Instagram,105506,451
2025-09-14,3,LinkedIn,43545,890
2025-09-14,4,Twitter,31798,349
2025-09-15,1,Facebook,50056,121
2025-09-15,2,Instagram,105561,449
2025-09-15,3,LinkedIn,43586,891
2025-09-15,4,Twitter,31805,348
2025-09-16,1,Facebook,50078,122
2025-09-16,2,Instagram,105656,452
2025-09-16,3,LinkedIn,43624,888
2025-09-16,4,Twitter,31827,348
2025-09-17,1,Facebook,50090,122
2025-09-17,2,Instagram,105700,450
2025-09-17,3,LinkedIn,43672,889
2025-09-17,4,Twitter,31846,348
2025-09-18,1,Facebook,50120,118
2025-09-18,2,Instagram,105768,448
2025-09-18,3,LinkedIn,43731,888
2025-09-18,4,Twitter,31860,351
2025-09-19,1,Facebook,50138,122
2025-09-19,2,Instagram,105869,453
2025-09-19,3,LinkedIn,43784,889
2025-09-19,4,Twitter,31867,350
2025-09-20,1,Facebook,50166,118
2025-09-20,2,Instagram,105982,449
2025-09-20,3,LinkedIn,43820,891
2025-09-20,4,Twitter,31883,353
2025-09-21,1,Facebook,50188,119
2025-09-21,2,Instagram,106068,449
2025-09-21,3,LinkedIn,43857,889
2025-09-21,4,Twitter,31894,352
2025-09-22,1,Facebook,50207,123
2025-09-22,2,Instagram,106176,448
2025-09-22,3,LinkedIn,43909,888
2025-09-22,4,Twitter,31907,349
2025-09-23,1,Facebook,50231,123
2025-09-23,2,Instagram,106187,451
2025-09-23,3,LinkedIn,43969,888
2025-09-23,4,Twitter,31914,349
2025-09-24,1,Facebook,50248,118
2025-09-24,2,Instagram,106240,452
2025-09-24,3,LinkedIn,43996,893
2025-09-24,4,Twitter,31934,352
2025-09-25,1,Facebook,50265,118
2025-09-25,2,Instagram,106328,452
2025-09-25,3,LinkedIn,44040,890
2025-09-25,4,Twitter,31951,348
2025-09-26,1,Facebook,50285,118
2025-09-26,2,Instagram,106377,450
2025-09-26,3,LinkedIn,44098,891
2025-09-26,4,Twitter,31963,352
2025-09-27,1,Facebook,50295,121
2025-09-27,2,Instagram,106446,448
2025-09-27,3,LinkedIn,44163,893
2025-09-27,4,Twitter,31981,349
2025-09-28,1,Facebook,50312,121
2025-09-28,2,Instagram,106517,448
2025-09-28,3,LinkedIn,44203,891
2025-09-28,4,Twitter,32005,351
2025-09-29,1,Facebook,50334,119
2025-09-29,2,Instagram,106607,451
2025-09-29,3,LinkedIn,44261,889
2025-09-29,4,Twitter,32021,348
2025-09-30,1,Facebook,50352,123
2025-09-30,2,Instagram,106682,453
2025-09-30,3,LinkedIn,44305,890
2025-09-30,4,Twitter,32035,350
2025-10-01,1,Facebook,50376,118
2025-10-01,2,Instagram,106763,453
2025-10-01,3,LinkedIn,44359,893
2025-10-01,4,Twitter,32049,352
2025-10-02,1,Facebook,50396,122
2025-10-02,2,Instagram,106795,448
2025-10-02,3,LinkedIn,44416,891
2025-10-02,4,Twitter,32065,353
2025-10-03,1,Facebook,50421,119
2025-10-03,2,Instagram,106805,453
2025-10-03,3,LinkedIn,44489,893
2025-10-03,4,Twitter,32079,350
2025-10-04,1,Facebook,50447,119
2025-10-04,2,Instagram,106860,449
2025-10-04,3,LinkedIn,44542,889
2025-10-04,4,Twitter,32089,350
2025-10-05,1,Facebook,50463,118
2025-10-05,2,Instagram,106985,448
2025-10-05,3,LinkedIn,44584,891
2025-10-05,4,Twitter,32104,353
2025-10-06,1,Facebook,50488,119
2025-10-06,2,Instagram,107076,451
2025-10-06,3,LinkedIn,44631,889
2025-10-06,4,Twitter,32120,350
2025-10-07,1,Facebook,50522,118
2025-10-07,2,Instagram,107154,448
2025-10-07,3,LinkedIn,44678,890
2025-10-07,4,Twitter,32139,352
2025-10-08,1,Facebook,50548,120
2025-10-08,2,Instagram,107262,451
2025-10-08,3,LinkedIn,44731,888
2025-10-08,4,Twitter,32148,351
2025-10-09,1,Facebook,50577,119
2025-10-09,2,Instagram,107314,448
2025-10-09,3,LinkedIn,44780,890
2025-10-09,4,Twitter,32159,353
2025-10-10,1,Facebook,50596,118
2025-10-10,2,Instagram,107401,453
2025-10-10,3,LinkedIn,44829,890
2025-10-10,4,Twitter,32175,348
2025-10-11,1,Facebook,50625,119
2025-10-11,2,Instagram,107491,449
2025-10-11,3,LinkedIn,44870,893
2025-10-11,4,Twitter,32194,349
2025-10-12,1,Facebook,50652,118
2025-10-12,2,Instagram,107541,452
2025-10-12,3,LinkedIn,44923,891
2025-10-12,4,Twitter,32212,351
2025-10-13,1,Facebook,50670,119
2025-10-13,2,Instagram,107654,448
2025-10-13,3,LinkedIn,44965,892
2025-10-13,4,Twitter,32227,349
2025-10-14,1,Facebook,50688,120
2025-10-14,2,Instagram,107734,448
2025-10-14,3,LinkedIn,44995,891
2025-10-14,4,Twitter,32235,350
2025-10-15,1,Facebook,50717,118
2025-10-15,2,Instagram,107793,453
2025-10-15,3,LinkedIn,45026,889
2025-10-15,4,Twitter,32240,350
2025-10-16,1,Facebook,50733,122
2025-10-16,2,Instagram,107841,453
2025-10-16,3,LinkedIn,45093,893
2025-10-16,4,Twitter,32259,351
2025-10-17,1,Facebook,50748,121
2025-10-17,2,Instagram,107975,450
2025-10-17,3,LinkedIn,45151,889
2025-10-17,4,Twitter,32272,349
2025-10-18,1,Facebook,50753,122
2025-10-18,2,Instagram,108109,448
2025-10-18,3,LinkedIn,45177,889
2025-10-18,4,Twitter,32279,351
2025-10-19,1,Facebook,50779,119
2025-10-19,2,Instagram,108247,453
2025-10-19,3,LinkedIn,45240,892
2025-10-19,4,Twitter,32296,350
2025-10-20,1,Facebook,50802,121
2025-10-20,2,Instagram,108347,450
2025-10-20,3,LinkedIn,45295,889
2025-10-20,4,Twitter,32312,349
2025-10-21,1,Facebook,50822,122
2025-10-21,2,Instagram,108425,448
2025-10-21,3,LinkedIn,45329,892
2025-10-21,4,Twitter,32325,350
2025-10-22,1,Facebook,50831,122
2025-10-22,2,Instagram,108502,448
2025-10-22,3,LinkedIn,45360,893
2025-10-22,4,Twitter,32335,348
2025-10-23,1,Facebook,50852,118
2025-10-23,2,Instagram,108615,452
2025-10-23,3,LinkedIn,45417,890
2025-10-23,4,Twitter,32342,348
2025-10-24,1,Facebook,50866,121
2025-10-24,2,Instagram,108717,449
2025-10-24,3,LinkedIn,45448,893
2025-10-24,4,Twitter,32355,351
2025-10-25,1,Facebook,50889,121
2025-10-25,2,Instagram,108773,450
2025-10-25,3,LinkedIn,45494,888
2025-10-25,4,Twitter,32363,348
2025-10-26,1,Facebook,50905,123
2025-10-26,2,Instagram,108860,450
2025-10-26,3,LinkedIn,45517,891
2025-10-26,4,Twitter,32379,352
2025-10-27,1,Facebook,50924,119
2025-10-27,2,Instagram,108953,453
2025-10-27,3,LinkedIn,45565,888
2025-10-27,4,Twitter,32400,350
2025-10-28,1,Facebook,50944,121
2025-10-28,2,Instagram,109022,450
2025-10-28,3,LinkedIn,45611,888
2025-10-28,4,Twitter,32417,348
2025-10-29,1,Facebook,50964,119
2025-10-29,2,Instagram,109102,452
2025-10-29,3,LinkedIn,45646,890
2025-10-29,4,Twitter,32429,353
2025-10-30,1,Facebook,50975,120
2025-10-30,2,Instagram,109223,450
2025-10-30,3,LinkedIn,45674,892
2025-10-30,4,Twitter,32440,353
2025-10-31,1,Facebook,50990,123
2025-10-31,2,Instagram,109324,453
2025-10-31,3,LinkedIn,45715,893
2025-10-31,4,Twitter,32460,350
2025-11-01,1,Facebook,51005,121
2025-11-01,2,Instagram,109410,453
2025-11-01,3,LinkedIn,45748,890
2025-11-01,4,Twitter,32484,353
2025-11-02,1,Facebook,51017,119
2025-11-02,2,Instagram,109497,448
2025-11-02,3,LinkedIn,45801,888
2025-11-02,4,Twitter,32500,352
2025-11-03,1,Facebook,51035,118
2025-11-03,2,Instagram,109573,453
2025-11-03,3,LinkedIn,45846,892
2025-11-03,4,Twitter,32514,348
2025-11-04,1,Facebook,51060,119
2025-11-04,2,Instagram,109706,449
2025-11-04,3,LinkedIn,45883,889
2025-11-04,4,Twitter,32522,348
2025-11-05,1,Facebook,51079,118
2025-11-05,2,Instagram,109847,451
2025-11-05,3,LinkedIn,45917,890
2025-11-05,4,Twitter,32544,348
2025-11-06,1,Facebook,51109,122
2025-11-06,2,Instagram,109913,452
2025-11-06,3,LinkedIn,45969,892
2025-11-06,4,Twitter,32566,352
2025-11-07,1,Facebook,51126,118
2025-11-07,2,Instagram,109988,451
2025-11-07,3,LinkedIn,46006,893
2025-11-07,4,Twitter,32576,348
2025-11-08,1,Facebook,51142,122
2025-11-08,2,Instagram,110038,448
2025-11-08,3,LinkedIn,46051,891
2025-11-08,4,Twitter,32587,350
2025-11-09,1,Facebook,51163,118
2025-11-09,2,Instagram,110080,451
2025-11-09,3,LinkedIn,46100,890
2025-11-09,4,Twitter,32605,348
2025-11-10,1,Facebook,51171,123
2025-11-10,2,Instagram,110168,452
2025-11-10,3,LinkedIn,46161,889
2025-11-10,4,Twitter,32614,351
2025-11-11,1,Facebook,51201,121
2025-11-11,2,Instagram,110258,451
2025-11-11,3,LinkedIn,46196,893
2025-11-11,4,Twitter,32628,350
2025-11-12,1,Facebook,51224,118
2025-11-12,2,Instagram,110339,450
2025-11-12,3,LinkedIn,46248,891
2025-11-12,4,Twitter,32638,348
2025-11-13,1,Facebook,51245,121
2025-11-13,2,Instagram,110385,453
2025-11-13,3,LinkedIn,46291,889
2025-11-13,4,Twitter,32648,353
2025-11-14,1,Facebook,51260,119
2025-11-14,2,Instagram,110494,453
2025-11-14,3,LinkedIn,46350,893
2025-11-14,4,Twitter,32665,352
2025-11-15,1,Facebook,51273,123
2025-11-15,2,Instagram,110566,450
2025-11-15,3,LinkedIn,46411,889
2025-11-15,4,Twitter,32680,353
2025-11-16,1,Facebook,51306,122
2025-11-16,2,Instagram,110655,453
2025-11-16,3,LinkedIn,46458,891
2025-11-16,4,Twitter,32693,350
2025-11-17,1,Facebook,51326,121
2025-11-17,2,Instagram,110731,452
2025-11-17,3,LinkedIn,46512,893
2025-11-17,4,Twitter,32712,353
2025-11-18,1,Facebook,51341,122
2025-11-18,2,Instagram,110779,453
2025-11-18,3,LinkedIn,46532,891
2025-11-18,4,Twitter,32729,349
2025-11-19,1,Facebook,51354,118
2025-11-19,2,Instagram,110807,449
2025-11-19,3,LinkedIn,46582,888
2025-11-19,4,Twitter,32755,350
2025-11-20,1,Facebook,51373,122
2025-11-20,2,Instagram,110907,451
2025-11-20,3,LinkedIn,46628,888
2025-11-20,4,Twitter,32769,348
2025-11-21,1,Facebook,51398,119
2025-11-21,2,Instagram,110980,451
2025-11-21,3,LinkedIn,46676,893
2025-11-21,4,Twitter,32785,350
2025-11-22,1,Facebook,51413,119
2025-11-22,2,Instagram,111083,450
2025-11-22,3,LinkedIn,46718,891
2025-11-22,4,Twitter,32796,351
2025-11-23,1,Facebook,51436,120
2025-11-23,2,Instagram,111141,448
2025-11-23,3,LinkedIn,46763,890
2025-11-23,4,Twitter,32810,350
2025-11-24,1,Facebook,51462,119
2025-11-24,2,Instagram,111232,453
2025-11-24,3,LinkedIn,46807,893
2025-11-24,4,Twitter,32828,353
2025-11-25,1,Facebook,51490,121
2025-11-25,2,Instagram,111325,448
2025-11-25,3,LinkedIn,46852,893
2025-11-25,4,Twitter,32837,352
2025-11-26,1,Facebook,51503,121
2025-11-26,2,Instagram,111397,450
2025-11-26,3,LinkedIn,46888,890
2025-11-26,4,Twitter,32851,349
2025-11-27,1,Facebook,51523,118
2025-11-27,2,Instagram,111489,450
2025-11-27,3,LinkedIn,46932,890
2025-11-27,4,Twitter,32868,352
2025-11-28,1,Facebook,51543,120
2025-11-28,2,Instagram,111521,450
2025-11-28,3,LinkedIn,46964,888
2025-11-28,4,Twitter,32882,352
2025-11-29,1,Facebook,51555,118
2025-11-29,2,Instagram,111615,448
2025-11-29,3,LinkedIn,47029,889
2025-11-29,4,Twitter,32902,353
2025-11-30,1,Facebook,51573,122
2025-11-30,2,Instagram,111730,448
2025-11-30,3,LinkedIn,47076,891
2025-11-30,4,Twitter,32915,353
2025-12-01,1,Facebook,51589,122
2025-12-01,2,Instagram,111802,450
2025-12-01,3,LinkedIn,47115,890
2025-12-01,4,Twitter,32930,351
2025-12-02,1,Facebook,51609,119
2025-12-02,2,Instagram,111882,450
2025-12-02,3,LinkedIn,47165,891
2025-12-02,4,Twitter,32950,350
2025-12-03,1,Facebook,51634,119
2025-12-03,2,Instagram,111926,451
2025-12-03,3,LinkedIn,47175,893
2025-12-03,4,Twitter,32969,349
2025-12-04,1,Facebook,51645,122
2025-12-04,2,Instagram,112000,450
2025-12-04,3,LinkedIn,47204,889
2025-12-04,4,Twitter,32975,351
2025-12-05,1,Facebook,51668,123
2025-12-05,2,Instagram,112098,448
2025-12-05,3,LinkedIn,47241,888
2025-12-05,4,Twitter,32978,352
2025-12-06,1,Facebook,51684,118
2025-12-06,2,Instagram,112187,452
2025-12-06,3,LinkedIn,47266,892
2025-12-06,4,Twitter,32993,349
2025-12-07,1,Facebook,51703,120
2025-12-07,2,Instagram,112280,450
2025-12-07,3,LinkedIn,47312,888
2025-12-07,4,Twitter,33003,353
2025-12-08,1,Facebook,51730,122
2025-12-08,2,Instagram,112356,448
2025-12-08,3,LinkedIn,47356,890
2025-12-08,4,Twitter,33013,353
2025-12-09,1,Facebook,51747,121
2025-12-09,2,Instagram,112414,453
2025-12-09,3,LinkedIn,47398,890
2025-12-09,4,Twitter,33035,351
2025-12-10,1,Facebook,51758,118
2025-12-10,2,Instagram,112455,449
2025-12-10,3,LinkedIn,47462,889
2025-12-10,4,Twitter,33049,351
2025-12-11,1,Facebook,51773,118
2025-12-11,2,Instagram,112559,451
2025-12-11,3,LinkedIn,47498,890
2025-12-11,4,Twitter,33072,348
2025-12-12,1,Facebook,51797,121
2025-12-12,2,Instagram,112627,448
2025-12-12,3,LinkedIn,47572,891
2025-12-12,4,Twitter,33084,348
2025-12-13,1,Facebook,51821,119
2025-12-13,2,Instagram,112714,449
2025-12-13,3,LinkedIn,47634,890
2025-12-13,4,Twitter,33106,349
2025-12-14,1,Facebook,51841,120
2025-12-14,2,Instagram,112775,450
2025-12-14,3,LinkedIn,47685,889
2025-12-14,4,Twitter,33117,353
2025-12-15,1,Facebook,51873,123
2025-12-15,2,Instagram,112858,448
2025-12-15,3,LinkedIn,47725,889
2025-12-15,4,Twitter,33132,350
2025-12-16,1,Facebook,51884,123
2025-12-16,2,Instagram,112914,448
2025-12-16,3,LinkedIn,47786,891
2025-12-16,4,Twitter,33144,351
2025-12-17,1,Facebook,51897,119
2025-12-17,2,Instagram,113006,449
2025-12-17,3,LinkedIn,47847,892
2025-12-17,4,Twitter,33162,348
2025-12-18,1,Facebook,51922,122
2025-12-18,2,Instagram,113067,450
2025-12-18,3,LinkedIn,47872,890
2025-12-18,4,Twitter,33183,348
2025-12-19,1,Facebook,51940,121
2025-12-19,2,Instagram,113140,450
2025-12-19,3,LinkedIn,47934,890
2025-12-19,4,Twitter,33200,353
2025-12-20,1,Facebook,51962,118
2025-12-20,2,Instagram,113271,448
2025-12-20,3,LinkedIn,47970,891
2025-12-20,4,Twitter,33219,349
2025-12-21,1,Facebook,51982,121
2025-12-21,2,Instagram,113357,452
2025-12-21,3,LinkedIn,48035,888
2025-12-21,4,Twitter,33236,350
2025-12-22,1,Facebook,52005,122
2025-12-22,2,Instagram,113462,450
2025-12-22,3,LinkedIn,48075,892
2025-12-22,4,Twitter,33247,349
2025-12-23,1,Facebook,52018,122
2025-12-23,2,Instagram,113494,448
2025-12-23,3,LinkedIn,48147,891
2025-12-23,4,Twitter,33257,349
2025-12-24,1,Facebook,52036,122
2025-12-24,2,Instagram,113567,449
2025-12-24,3,LinkedIn,48196,889
2025-12-24,4,Twitter,33275,352
2025-12-25,1,Facebook,52061,123
2025-12-25,2,Instagram,113633,451
2025-12-25,3,LinkedIn,48238,892
2025-12-25,4,Twitter,33291,353
2025-12-26,1,Facebook,52079,118
2025-12-26,2,Instagram,113751,448
2025-12-26,3,LinkedIn,48289,892
2025-12-26,4,Twitter,33309,349
2025-12-27,1,Facebook,52102,122
2025-12-27,2,Instagram,113859,451
2025-12-27,3,LinkedIn,48336,893
2025-12-27,4,Twitter,33318,353
2025-12-28,1,Facebook,52124,120
2025-12-28,2,Instagram,113923,451
2025-12-28,3,LinkedIn,48373,888
2025-12-28,4,Twitter,33335,349
2025-12-29,1,Facebook,52151,118
2025-12-29,2,Instagram,114003,451
2025-12-29,3,LinkedIn,48422,890
2025-12-29,4,Twitter,33357,351
2025-12-30,1,Facebook,52172,120
2025-12-30,2,Instagram,114145,453
2025-12-30,3,LinkedIn,48474,891
2025-12-30,4,Twitter,33364,351
2025-12-31,1,Facebook,52196,121
2025-12-31,2,Instagram,114234,450
2025-12-31,3,LinkedIn,48536,891
2025-12-31,4,Twitter,33382,352
